{
  "id": "3d8dc84c-efb4-4cf0-b850-06758b51a230",
  "name": "topping",
  "isOverridable": true,
  "entries": [
    {
      "value": "pepperoni",
      "synonyms": [
        "pepperoni"
      ]
    },
    {
      "value": "cheese",
      "synonyms": [
        "cheese"
      ]
    },
    {
      "value": "vegetarian",
      "synonyms": [
        "vegetarian"
      ]
    },
    {
      "value": "chicken",
      "synonyms": [
        "chicken"
      ]
    }
  ],
  "isEnum": false,
  "automatedExpansion": false
}